fund_id,scale_efficiency,rts_classification
F001,1.0,CRS
F002,0.9972929955929342,DRS
F003,1.0,CRS
F004,1.0,CRS
F005,1.0,CRS
F006,1.0,CRS
F007,1.0,CRS
F008,0.9894516289603519,DRS
F009,1.0,CRS
F010,0.96657474,DRS
